Date,Open,High,Low,Close,Change,%Change,Volume
2026-03-03,6768.7,6840.05,6711.01,6816.63,-64.99,-0.94%,0
2026-03-02,6800.78,6901.01,6799.15,6881.62,2.74,+0.04%,0
2026-02-27,6856.54,6882.96,6831.74,6878.88,-29.98,-0.43%,0
2026-02-26,6944.74,6947.25,6860.21,6908.86,-37.27,-0.54%,0
2026-02-25,6915.15,6952.51,6915.15,6946.13,56.06,+0.81%,0
2026-02-24,6838.3,6899.17,6816.6,6890.07,52.32,+0.77%,0
2026-02-23,6901.25,6915.97,6820.77,6837.75,-71.76,-1.04%,0
2026-02-20,6843.26,6915.86,6836.74,6909.51,47.62,+0.69%,0
2026-02-19,6855.36,6878.73,6834.55,6861.89,-19.42,-0.28%,0
2026-02-18,6855.48,6909.12,6851.52,6881.31,38.09,+0.56%,0
2026-02-17,6819.86,6866.99,6775.5,6843.22,7.05,+0.10%,0
2026-02-13,6831.12,6881.35,6794.66,6836.17,3.41,+0.05%,0
2026-02-12,6957.54,6972.54,6824.04,6832.76,-108.71,-1.57%,0
2026-02-11,6985.03,6992.61,6911.97,6941.47,-0.34,0.00%,0
2026-02-10,6974.49,6986.83,6937.78,6941.81,-23.01,-0.33%,0
2026-02-09,6917.26,6980.1,6906.82,6964.82,32.52,+0.47%,0
2026-02-06,6830.62,6944.89,6830.62,6932.3,133.9,+1.97%,0
2026-02-05,6837.39,6856.49,6780.13,6798.4,-84.32,-1.23%,0
2026-02-04,6924.5,6936.09,6840.75,6882.72,-35.09,-0.51%,0
2026-02-03,6985.45,6991.87,6862.18,6917.81,-58.63,-0.84%,0
2026-02-02,6916.64,6991.92,6916.64,6976.44,37.41,+0.54%,0
2026-01-30,6946.15,6964.09,6894.04,6939.03,-29.98,-0.43%,0
2026-01-29,6987.55,6991.99,6871.07,6969.01,-9.02,-0.13%,0
2026-01-28,7002,7002.24,6963.46,6978.03,-0.57,-0.01%,0
2026-01-27,6966.27,6988.82,6959.18,6978.6,28.37,+0.41%,0
2026-01-26,6928.89,6964.66,6921.6,6950.23,34.62,+0.50%,0
2026-01-23,6909.71,6932.96,6895.73,6915.61,2.26,+0.03%,0
2026-01-22,6914.44,6934.75,6893.62,6913.35,37.73,+0.55%,0
2026-01-21,6819.43,6910.39,6805.01,6875.62,78.76,+1.16%,0
2026-01-20,6847.93,6871.17,6789.05,6796.86,-143.15,-2.06%,0
2026-01-16,6957.54,6967.3,6925.76,6940.01,-4.46,-0.06%,0
2026-01-15,6969.46,6979.34,6937.93,6944.47,17.87,+0.26%,0
2026-01-14,6936.82,6941.3,6885.89,6926.6,-37.14,-0.53%,0
2026-01-13,6980.14,6985.83,6938.77,6963.74,-13.53,-0.19%,0
2026-01-12,6935.8,6986.33,6934.07,6977.27,10.99,+0.16%,0
2026-01-09,6933.73,6978.36,6918.01,6966.28,44.82,+0.65%,0
2026-01-08,6914.11,6931.28,6900.82,6921.46,0.53,+0.01%,0
2026-01-07,6945.07,6965.69,6919.19,6920.93,-23.89,-0.34%,0
2026-01-06,6908.03,6948.69,6904.02,6944.82,42.77,+0.62%,0
2026-01-05,6892.19,6920.38,6891.57,6902.05,43.58,+0.64%,0
2026-01-02,6887.01,6894.87,6824.31,6858.47,12.97,+0.19%,0
2025-12-31,6898.82,6900.81,6845.1,6845.5,-50.74,-0.74%,0
2025-12-30,6899.86,6913.25,6893.59,6896.24,-9.5,-0.14%,0
2025-12-29,6900.12,6919.25,6888.77,6905.74,-24.2,-0.35%,0
2025-12-26,6937.77,6945.77,6921.6,6929.94,-2.11,-0.03%,0
2025-12-24,6904.91,6937.32,6904.91,6932.05,22.26,+0.32%,0
2025-12-23,6873.79,6910.88,6872.7,6909.79,31.3,+0.46%,0
2025-12-22,6864.1,6882.03,6856.97,6878.49,43.99,+0.64%,0
2025-12-19,6796.37,6840.02,6793.68,6834.5,59.74,+0.88%,0
2025-12-18,6778.06,6815.98,6758.5,6774.76,53.33,+0.79%,0
2025-12-17,6801.98,6809.47,6720.95,6721.43,-78.83,-1.16%,0
2025-12-16,6804.01,6818.45,6759.74,6800.26,-16.25,-0.24%,0
2025-12-15,6861.59,6861.59,6802.76,6816.51,-10.9,-0.16%,0
2025-12-12,6888.96,6899.03,6801.79,6827.41,-73.59,-1.07%,0
2025-12-11,6859.85,6903.46,6834.25,6901,14.32,+0.21%,0
2025-12-10,6833.49,6900.67,6825.83,6886.68,46.17,+0.67%,0
2025-12-09,6842.8,6864.92,6838.27,6840.51,-6.,-0.09%,0
2025-12-08,6872.29,6876.96,6827.21,6846.51,-23.89,-0.35%,0
2025-12-05,6866.32,6895.78,6858.29,6870.4,13.28,+0.19%,0
2025-12-04,6863.77,6865.93,6827.12,6857.12,7.4,+0.11%,0
2025-12-03,6813.71,6862.38,6810.43,6849.72,20.35,+0.30%,0
2025-12-02,6833.1,6851.16,6806.71,6829.37,16.74,+0.25%,0
2025-12-01,6812.3,6843.65,6799.94,6812.63,-36.46,-0.53%,0
2025-11-28,6822.52,6850.83,6819.75,6849.09,36.48,+0.54%,0
2025-11-26,6793.55,6831.44,6783.87,6812.61,46.73,+0.69%,0
2025-11-25,6697.03,6776.17,6663.13,6765.88,60.76,+0.91%,0
2025-11-24,6636.54,6715.46,6631.11,6705.12,102.13,+1.55%,0
2025-11-21,6561.78,6660.05,6521.92,6602.99,64.23,+0.98%,0
2025-11-20,6737.93,6770.35,6534.05,6538.76,-103.4,-1.56%,0
2025-11-19,6621.22,6689.14,6603.5,6642.16,24.84,+0.38%,0
2025-11-18,6634.16,6666.63,6575.76,6617.32,-55.09,-0.83%,0
2025-11-17,6708.11,6754.5,6639.52,6672.41,-61.7,-0.92%,0
2025-11-14,6666.15,6774.31,6646.87,6734.11,-3.38,-0.05%,0
2025-11-13,6826.47,6827.26,6724.72,6737.49,-113.43,-1.66%,0
2025-11-12,6867.77,6869.91,6829.62,6850.92,4.31,+0.06%,0
2025-11-11,6815.64,6855.13,6806.87,6846.61,14.18,+0.21%,0
2025-11-10,6785.36,6841.32,6770.56,6832.43,103.63,+1.54%,0
2025-11-07,6696.18,6729.24,6631.44,6728.8,8.48,+0.13%,0
2025-11-06,6787.59,6796.68,6707.51,6720.32,-75.97,-1.12%,0
2025-11-05,6769.77,6829.78,6763.11,6796.29,24.74,+0.37%,0
2025-11-04,6774.28,6820.15,6766.71,6771.55,-80.42,-1.17%,0
2025-11-03,6882.32,6882.32,6820.83,6851.97,11.77,+0.17%,0
2025-10-31,6879.17,6879.17,6814.26,6840.2,17.86,+0.26%,0
2025-10-30,6860.5,6880.75,6820.69,6822.34,-68.25,-0.99%,0
2025-10-29,6910.72,6920.34,6853.35,6890.59,-0.3,0.00%,0
2025-10-28,6897.74,6911.3,6870.73,6890.89,15.73,+0.23%,0
2025-10-27,6853.19,6877.28,6844.28,6875.16,83.47,+1.23%,0
2025-10-24,6772.07,6807.11,6772.07,6791.69,53.25,+0.79%,0
2025-10-23,6703.65,6749.53,6701.21,6738.44,39.04,+0.58%,0
2025-10-22,6741.34,6741.34,6655.69,6699.4,-35.95,-0.53%,0
2025-10-21,6736.75,6752.16,6722.59,6735.35,0.22,0.00%,0
2025-10-20,6690.05,6744.35,6690.05,6735.13,71.12,+1.07%,0
2025-10-17,6617.07,6678.88,6603.81,6664.01,34.94,+0.53%,0
2025-10-16,6689.02,6709.34,6593.99,6629.07,-41.99,-0.63%,0
2025-10-15,6688.27,6722.62,6612.43,6671.06,26.75,+0.40%,0
2025-10-14,6602.49,6680.7,6555.41,6644.31,-10.41,-0.16%,0
2025-10-13,6622.53,6668.68,6621.17,6654.72,102.21,+1.56%,0
2025-10-10,6740.49,6762.4,6551.36,6552.51,-182.6,-2.71%,0
2025-10-09,6760.5,6764.15,6716.17,6735.11,-18.61,-0.28%,0
2025-10-08,6723.87,6755.64,6718.09,6753.72,39.13,+0.58%,0
2025-10-07,6746.14,6754.38,6700.12,6714.59,-25.69,-0.38%,0
2025-10-06,6736.2,6749.52,6717.78,6740.28,24.49,+0.36%,0
2025-10-03,6722.14,6750.87,6706.09,6715.79,0.44,+0.01%,0
2025-10-02,6731.31,6731.94,6693.23,6715.35,4.15,+0.06%,0
2025-10-01,6664.92,6718.48,6656.41,6711.2,22.74,+0.34%,0
2025-09-30,6656.19,6691.17,6641,6688.46,27.25,+0.41%,0
2025-09-29,6661.58,6677.27,6644.49,6661.21,17.51,+0.26%,0
2025-09-26,6615.38,6647.66,6605.02,6643.7,38.98,+0.59%,0
2025-09-25,6602.35,6619,6569.22,6604.72,-33.25,-0.50%,0
2025-09-24,6669.79,6671.9,6621.76,6637.97,-18.95,-0.28%,0
2025-09-23,6693.78,6699.21,6645.58,6656.92,-36.83,-0.55%,0
2025-09-22,6654.28,6698.88,6648.07,6693.75,29.39,+0.44%,0
2025-09-19,6653.94,6671.82,6630.31,6664.36,32.4,+0.49%,0
2025-09-18,6626.85,6656.8,6612.05,6631.96,31.61,+0.48%,0
2025-09-17,6604.87,6624.39,6552.01,6600.35,-6.41,-0.10%,0
2025-09-16,6624.13,6625.74,6600.11,6606.76,-8.52,-0.13%,0
2025-09-15,6606.27,6619.62,6602.07,6615.28,30.99,+0.47%,0
2025-09-12,6590.66,6600.21,6579.49,6584.29,-3.18,-0.05%,0
2025-09-11,6554.41,6592.89,6546.45,6587.47,55.43,+0.85%,0
2025-09-10,6550.29,6555.97,6516.34,6532.04,19.43,+0.30%,0
2025-09-09,6503.33,6518.23,6483.08,6512.61,17.46,+0.27%,0
2025-09-08,6498.09,6508.67,6483.29,6495.15,13.65,+0.21%,0
2025-09-05,6527.31,6532.65,6444.37,6481.5,-20.58,-0.32%,0
2025-09-04,6456.6,6502.52,6445.98,6502.08,53.82,+0.83%,0
2025-09-03,6445.82,6453.67,6416.17,6448.26,32.72,+0.51%,0
2025-09-02,6379.25,6416.54,6360.58,6415.54,-44.72,-0.69%,0
2025-08-29,6489.28,6489.64,6444.57,6460.26,-41.6,-0.64%,0
2025-08-28,6483.84,6508.12,6466.96,6501.86,20.46,+0.32%,0
2025-08-27,6462.26,6487.06,6458.67,6481.4,15.46,+0.24%,0
2025-08-26,6435.49,6468.22,6429.21,6465.94,26.62,+0.41%,0
2025-08-25,6454.69,6466.89,6438.06,6439.32,-27.59,-0.43%,0
2025-08-22,6384.59,6478.89,6384.59,6466.91,96.74,+1.52%,0
2025-08-21,6380.83,6393.65,6352.71,6370.17,-25.61,-0.40%,0
2025-08-20,6406.62,6407.22,6343.86,6395.78,-15.59,-0.24%,0
2025-08-19,6446.24,6456.48,6400.22,6411.37,-37.78,-0.59%,0
2025-08-18,6445.02,6455.35,6437.7,6449.15,-0.65,-0.01%,0
2025-08-15,6477.38,6477.38,6441.85,6449.8,-18.74,-0.29%,0
2025-08-14,6453.46,6473.92,6441.07,6468.54,1.96,+0.03%,0
2025-08-13,6462.67,6479.61,6445.02,6466.58,20.82,+0.32%,0
2025-08-12,6395.17,6446.53,6385.76,6445.76,72.31,+1.13%,0
2025-08-11,6392.28,6407.25,6364.06,6373.45,-16.,-0.25%,0
2025-08-08,6355.22,6395.16,6355.22,6389.45,49.45,+0.78%,0
2025-08-07,6374.32,6389.19,6310.32,6340,-5.06,-0.08%,0
2025-08-06,6309.3,6352.83,6301.11,6345.06,45.87,+0.73%,0
2025-08-05,6336.63,6346,6289.41,6299.19,-30.75,-0.49%,0
2025-08-04,6271.71,6330.42,6271.71,6329.94,91.93,+1.47%,0
2025-08-01,6287.28,6287.28,6212.69,6238.01,-101.38,-1.60%,0
2025-07-31,6427.02,6427.02,6328.13,6339.39,-23.51,-0.37%,0
2025-07-30,6381.23,6396.01,6337,6362.9,-7.96,-0.12%,0
2025-07-29,6405.62,6408.93,6363.92,6370.86,-18.91,-0.30%,0
2025-07-28,6397.69,6401.07,6375.79,6389.77,1.13,+0.02%,0
2025-07-25,6370.01,6395.82,6368.53,6388.64,25.29,+0.40%,0
2025-07-24,6368.6,6381.31,6360.57,6363.35,4.44,+0.07%,0
2025-07-23,6326.9,6360.64,6317.49,6358.91,49.29,+0.78%,0
2025-07-22,6306.6,6316.12,6281.71,6309.62,4.02,+0.06%,0
2025-07-21,6304.74,6336.08,6303.86,6305.6,8.81,+0.14%,0
2025-07-18,6312.95,6314.2,6285.27,6296.79,-0.57,-0.01%,0
2025-07-17,6263.4,6304.69,6262.42,6297.36,33.66,+0.54%,0
2025-07-16,6254.5,6268.12,6202.33,6263.7,19.94,+0.32%,0
2025-07-15,6295.29,6302.04,6242.88,6243.76,-24.8,-0.40%,0
2025-07-14,6255.15,6273.31,6239.64,6268.56,8.81,+0.14%,0
2025-07-11,6255.68,6269.44,6237.6,6259.75,-20.71,-0.33%,0
2025-07-10,6266.8,6290.22,6252.21,6280.46,17.2,+0.27%,0
2025-07-09,6243.33,6269.16,6231.43,6263.26,37.74,+0.61%,0
2025-07-08,6234.03,6242.7,6217.75,6225.52,-4.46,-0.07%,0
2025-07-07,6259.04,6262.07,6201,6229.98,-49.37,-0.79%,0
2025-07-03,6246.46,6284.65,6246.46,6279.35,51.93,+0.83%,0
2025-07-02,6193.88,6227.48,6188.29,6227.42,29.41,+0.47%,0
2025-07-01,6187.25,6210.78,6177.97,6198.01,-6.94,-0.11%,0
2025-06-30,6193.36,6215.08,6174.97,6204.95,31.88,+0.52%,0
2025-06-27,6150.7,6187.68,6132.35,6173.07,32.05,+0.52%,0
2025-06-26,6112.09,6146.52,6107.87,6141.02,48.86,+0.80%,0
2025-06-25,6104.23,6108.51,6080.09,6092.16,-0.02,0.00%,0
2025-06-24,6061.21,6101.76,6059.25,6092.18,67.01,+1.11%,0
2025-06-23,5969.67,6028.45,5944.85,6025.17,57.33,+0.96%,0
2025-06-20,5999.67,6018.08,5952.56,5967.84,-13.03,-0.22%,0
2025-06-18,5987.93,6018.25,5971.89,5980.87,-1.85,-0.03%,0
2025-06-17,6012.15,6023.25,5974.8,5982.72,-50.39,-0.84%,0
2025-06-16,6004,6050.83,6004,6033.11,56.14,+0.94%,0
2025-06-13,6000.56,6026.16,5963.21,5976.97,-68.29,-1.13%,0
2025-06-12,6009.9,6045.43,6003.88,6045.26,23.02,+0.38%,0
2025-06-11,6049.38,6059.4,6002.32,6022.24,-16.57,-0.27%,0
2025-06-10,6009.91,6043.01,6000.28,6038.81,32.93,+0.55%,0
2025-06-09,6004.63,6021.31,5994.18,6005.88,5.52,+0.09%,0
2025-06-06,5987.06,6016.87,5978.63,6000.36,61.06,+1.03%,0
2025-06-05,5985.67,5999.7,5921.73,5939.3,-31.51,-0.53%,0
2025-06-04,5978.94,5990.48,5966.85,5970.81,0.44,+0.01%,0
2025-06-03,5938.56,5981.35,5929,5970.37,34.43,+0.58%,0
2025-06-02,5896.68,5937.4,5862.41,5935.94,24.25,+0.41%,0
2025-05-30,5903.67,5922.09,5843.66,5911.69,-0.48,-0.01%,0
2025-05-29,5939.96,5939.96,5873.8,5912.17,23.62,+0.40%,0
2025-05-28,5925.54,5939.62,5881.88,5888.55,-32.99,-0.56%,0
2025-05-27,5854.07,5924.33,5854.07,5921.54,118.72,+2.05%,0
2025-05-23,5781.89,5829.51,5768.87,5802.82,-39.19,-0.67%,0
2025-05-22,5841.26,5878.08,5825.82,5842.01,-2.6,-0.04%,0
2025-05-21,5910.18,5938.37,5830.91,5844.61,-95.85,-1.61%,0
2025-05-20,5944.66,5953.06,5909.26,5940.46,-23.14,-0.39%,0
2025-05-19,5902.88,5968.61,5895.69,5963.6,5.22,+0.09%,0
2025-05-16,5929.09,5958.62,5907.36,5958.38,41.45,+0.70%,0
2025-05-15,5869.82,5924.21,5865.16,5916.93,24.35,+0.41%,0
2025-05-14,5896.74,5906.45,5872.11,5892.58,6.03,+0.10%,0
2025-05-13,5854.15,5906.64,5845.18,5886.55,42.36,+0.72%,0
2025-05-12,5827.83,5845.2,5786.08,5844.19,184.28,+3.26%,0
2025-05-09,5679.65,5691.69,5644.15,5659.91,-4.03,-0.07%,0
2025-05-08,5663.6,5720.1,5635.38,5663.94,32.66,+0.58%,0
2025-05-07,5614.18,5654.73,5578.82,5631.28,24.37,+0.43%,0
2025-05-06,5605.87,5649.58,5586.04,5606.91,-43.47,-0.77%,0
2025-05-05,5655.32,5683.38,5634.48,5650.38,-36.29,-0.64%,0
2025-05-02,5645.88,5700.7,5644.3,5686.67,82.53,+1.47%,0
2025-05-01,5625.43,5658.91,5599.55,5604.14,35.08,+0.63%,0
2025-04-30,5499.44,5581.01,5433.24,5569.06,8.23,+0.15%,0
2025-04-29,5508.87,5571.95,5506.58,5560.83,32.08,+0.58%,0
2025-04-28,5529.22,5552.96,5468.64,5528.75,3.54,+0.06%,0
2025-04-25,5489.73,5528.11,5456.19,5525.21,40.44,+0.74%,0
2025-04-24,5381.38,5489.4,5374.37,5484.77,108.91,+2.03%,0
2025-04-23,5395.92,5469.69,5356.17,5375.86,88.1,+1.67%,0
2025-04-22,5207.67,5309.61,5207.67,5287.76,129.56,+2.51%,0
2025-04-21,5232.94,5232.94,5101.63,5158.2,-124.5,-2.36%,0
2025-04-17,5305.45,5328.31,5255.58,5282.7,7,+0.13%,0
2025-04-16,5335.75,5367.24,5220.79,5275.7,-120.93,-2.24%,0
2025-04-15,5411.99,5450.41,5386.44,5396.63,-9.34,-0.17%,0
2025-04-14,5441.96,5459.04,5358.02,5405.97,42.61,+0.79%,0
2025-04-11,5255.56,5381.46,5220.77,5363.36,95.31,+1.81%,0
2025-04-10,5353.15,5353.15,5117.67,5268.05,-188.85,-3.46%,0
2025-04-09,4965.28,5481.34,4948.43,5456.9,474.13,+9.52%,0
2025-04-08,5193.57,5267.47,4910.42,4982.77,-79.48,-1.57%,0
2025-04-07,4953.79,5246.57,4835.04,5062.25,-11.83,-0.23%,0
2025-04-04,5292.14,5292.14,5069.9,5074.08,-322.44,-5.97%,0
2025-04-03,5492.74,5499.53,5390.83,5396.52,-274.45,-4.84%,0
2025-04-02,5580.76,5695.31,5571.48,5670.97,37.9,+0.67%,0
2025-04-01,5597.53,5650.57,5558.52,5633.07,21.22,+0.38%,0
2025-03-31,5527.91,5627.56,5488.73,5611.85,30.91,+0.55%,0
2025-03-28,5679.2,5685.89,5572.42,5580.94,-112.37,-1.97%,0
2025-03-27,5695.64,5732.28,5670.94,5693.31,-18.89,-0.33%,0
2025-03-26,5771.66,5783.62,5694.41,5712.2,-64.45,-1.12%,0
2025-03-25,5775.96,5786.95,5760.42,5776.65,9.08,+0.16%,0
2025-03-24,5718.08,5775.14,5718.08,5767.57,100.01,+1.76%,0
2025-03-21,5630.73,5670.84,5603.1,5667.56,4.67,+0.08%,0
2025-03-20,5646.92,5711.15,5632.33,5662.89,-12.4,-0.22%,0
2025-03-19,5632.37,5715.33,5622.2,5675.29,60.63,+1.08%,0
2025-03-18,5654.53,5654.53,5597.76,5614.66,-60.46,-1.07%,0
2025-03-17,5635.6,5703.52,5631.39,5675.12,36.18,+0.64%,0
2025-03-14,5563.85,5644.69,5563.85,5638.94,117.42,+2.13%,0
2025-03-13,5594.45,5597.78,5504.65,5521.52,-77.78,-1.39%,0
2025-03-12,5624.84,5640.74,5546.09,5599.3,27.23,+0.49%,0
2025-03-11,5603.65,5636.3,5528.41,5572.07,-42.49,-0.76%,0
2025-03-10,5705.37,5705.37,5564.02,5614.56,-155.64,-2.70%,0
2025-03-07,5726.01,5783.01,5667.26,5770.2,31.68,+0.55%,0
2025-03-06,5785.87,5811.8,5711.64,5738.52,-104.11,-1.78%,0
2025-03-05,5781.36,5860.59,5743.41,5842.63,64.48,+1.12%,0
2025-03-04,5800.8,5865.08,5732.59,5778.15,-71.57,-1.22%,0
2025-03-03,5968.33,5986.09,5810.91,5849.72,-104.78,-1.76%,0
2025-02-28,5856.74,5957.91,5837.66,5954.5,92.93,+1.59%,0
2025-02-27,5981.88,5993.69,5859.35,5861.57,-94.49,-1.59%,0
2025-02-26,5970.87,6009.82,5932.69,5956.06,0.81,+0.01%,0
2025-02-25,5982.73,5990.95,5908.49,5955.25,-28.,-0.47%,0
2025-02-24,6026.69,6043.07,5977.83,5983.25,-29.88,-0.50%,0
2025-02-21,6114.1,6114.82,6008.56,6013.13,-104.39,-1.71%,0
2025-02-20,6134.5,6134.5,6084.97,6117.52,-26.63,-0.43%,0
2025-02-19,6117.76,6147.43,6111.15,6144.15,14.57,+0.24%,0
2025-02-18,6121.6,6129.63,6099.51,6129.58,14.95,+0.24%,0
2025-02-14,6115.52,6127.47,6107.62,6114.63,-0.44,-0.01%,0
2025-02-13,6060.59,6116.91,6050.95,6115.07,63.1,+1.04%,0
2025-02-12,6025.08,6063,6003.79,6051.97,-16.53,-0.27%,0
2025-02-11,6049.32,6076.28,6045.6,6068.5,2.06,+0.03%,0
2025-02-10,6046.4,6073.38,6044.84,6066.44,40.45,+0.67%,0
2025-02-07,6083.13,6101.28,6019.96,6025.99,-57.58,-0.95%,0
2025-02-06,6072.22,6084.03,6046.83,6083.57,22.09,+0.36%,0
2025-02-05,6020.45,6062.86,6007.19,6061.48,23.6,+0.39%,0
2025-02-04,5998.14,6042.48,5990.87,6037.88,43.31,+0.72%,0
2025-02-03,5941.92,6022.13,5924.1,5994.57,-45.96,-0.76%,0
2025-01-31,6096.79,6120.91,6030.93,6040.53,-30.64,-0.50%,0
2025-01-30,6050.75,6086.64,6027.46,6071.17,31.86,+0.53%,0
2025-01-29,6057.7,6062.83,6012.96,6039.31,-28.39,-0.47%,0
2025-01-28,6026.97,6074.54,5995.07,6067.7,55.42,+0.92%,0
2025-01-27,5969.04,6017.17,5963.02,6012.28,-88.96,-1.46%,0
2025-01-24,6121.43,6128.04,6088.74,6101.24,-17.47,-0.29%,0
2025-01-23,6076.32,6118.73,6074.67,6118.71,32.34,+0.53%,0
2025-01-22,6081.39,6100.81,6076.13,6086.37,37.13,+0.61%,0
2025-01-21,6014.12,6051.51,6006.88,6049.24,52.58,+0.88%,0
2025-01-17,5996.24,6014.96,5980.23,5996.66,59.32,+1.00%,0
2025-01-16,5963.61,5964.69,5930.72,5937.34,-12.57,-0.21%,0
2025-01-15,5905.21,5960.61,5905.21,5949.91,107,+1.83%,0
2025-01-14,5859.27,5871.92,5805.42,5842.91,6.69,+0.11%,0
2025-01-13,5782.02,5838.61,5774.56,5836.22,9.18,+0.16%,0
2025-01-10,5890.35,5890.35,5807.78,5827.04,-91.21,-1.54%,0
2025-01-08,5910.66,5927.89,5874.78,5918.25,9.22,+0.16%,0
2025-01-07,5993.26,6000.68,5890.68,5909.03,-66.35,-1.11%,0
2025-01-06,5982.81,6021.04,5960.01,5975.38,32.91,+0.55%,0
2025-01-03,5891.07,5949.34,5888.88,5942.47,73.92,+1.26%,0
2025-01-02,5903.26,5935.09,5829.53,5868.55,-13.08,-0.22%,0
2024-12-31,5919.74,5929.74,5868.86,5881.63,-25.31,-0.43%,0
2024-12-30,5920.67,5940.79,5869.16,5906.94,-63.9,-1.07%,0
2024-12-27,6006.17,6006.17,5932.95,5970.84,-66.75,-1.11%,0
2024-12-26,6024.97,6049.75,6007.37,6037.59,-2.45,-0.04%,0
2024-12-24,5984.63,6040.1,5981.44,6040.04,65.97,+1.10%,0
2024-12-23,5940.25,5978.25,5902.57,5974.07,43.22,+0.73%,0
2024-12-20,5842,5982.06,5835.81,5930.85,63.77,+1.09%,0
2024-12-19,5912.71,5935.27,5866.07,5867.08,-5.08,-0.09%,0
2024-12-18,6047.65,6070.67,5869.02,5872.16,-178.45,-2.95%,0
2024-12-17,6052.55,6057.68,6035.19,6050.61,-23.47,-0.39%,0
2024-12-16,6063.79,6085.19,6059.14,6074.08,22.99,+0.38%,0
2024-12-13,6068.17,6078.58,6035.77,6051.09,-0.16,0.00%,0
2024-12-12,6074.29,6079.68,6051.25,6051.25,-32.94,-0.54%,0
2024-12-11,6060.15,6092.59,6060.15,6084.19,49.28,+0.82%,0
2024-12-10,6057.59,6065.4,6029.89,6034.91,-17.94,-0.30%,0
2024-12-09,6083.01,6088.51,6048.63,6052.85,-37.42,-0.61%,0
2024-12-06,6081.38,6099.97,6079.98,6090.27,15.16,+0.25%,0
2024-12-05,6089.03,6094.55,6072.9,6075.11,-11.38,-0.19%,0
2024-12-04,6069.39,6089.84,6061.49,6086.49,36.61,+0.61%,0
2024-12-03,6042.97,6052.07,6033.39,6049.88,2.73,+0.05%,0
2024-12-02,6040.11,6053.58,6035.33,6047.15,14.77,+0.24%,0
2024-11-29,6003.98,6044.17,6003.98,6032.38,33.64,+0.56%,0
2024-11-27,6014.11,6020.16,5984.87,5998.74,-22.89,-0.38%,0
2024-11-26,6000.03,6025.42,5992.27,6021.63,34.26,+0.57%,0
2024-11-25,5992.28,6020.75,5963.91,5987.37,18.03,+0.30%,0
2024-11-22,5944.36,5972.9,5944.36,5969.34,20.63,+0.35%,0
2024-11-21,5940.58,5963.32,5887.26,5948.71,31.6,+0.53%,0
2024-11-20,5914.34,5920.67,5860.56,5917.11,0.13,0.00%,0
2024-11-19,5860.22,5923.51,5855.29,5916.98,23.36,+0.40%,0
2024-11-18,5874.17,5908.12,5865.95,5893.62,23,+0.39%,0
2024-11-15,5912.79,5915.32,5853.01,5870.62,-78.55,-1.32%,0
2024-11-14,5989.68,5993.88,5942.28,5949.17,-36.21,-0.60%,0
2024-11-13,5985.75,6008.19,5965.91,5985.38,1.39,+0.02%,0
2024-11-12,6003.6,6009.92,5960.08,5983.99,-17.36,-0.29%,0
2024-11-11,6008.86,6017.31,5986.69,6001.35,5.81,+0.10%,0
2024-11-08,5976.76,6012.45,5976.76,5995.54,22.44,+0.38%,0
2024-11-07,5948.15,5983.84,5948.01,5973.1,44.06,+0.74%,0
2024-11-06,5895.66,5936.14,5870.58,5929.04,146.28,+2.53%,0
2024-11-05,5722.43,5783.44,5722.43,5782.76,70.07,+1.23%,0
2024-11-04,5725.15,5741.43,5696.51,5712.69,-16.11,-0.28%,0
2024-11-01,5723.22,5772.48,5723.22,5728.8,23.35,+0.41%,0
2024-10-31,5775.34,5775.34,5702.86,5705.45,-108.22,-1.86%,0
2024-10-30,5832.65,5850.94,5811.69,5813.67,-19.25,-0.33%,0
2024-10-29,5819.68,5847.19,5802.17,5832.92,9.4,+0.16%,0
2024-10-28,5833.93,5842.92,5823.08,5823.52,15.4,+0.27%,0
2024-10-25,5826.75,5862.82,5799.98,5808.12,-1.74,-0.03%,0
2024-10-24,5817.8,5817.8,5784.92,5809.86,12.44,+0.21%,0
2024-10-23,5834.5,5834.85,5762.41,5797.42,-53.78,-0.92%,0
2024-10-22,5832.7,5863.04,5821.17,5851.2,-2.78,-0.05%,0
2024-10-21,5857.82,5866.92,5824.79,5853.98,-10.69,-0.18%,0
2024-10-18,5859.43,5872.17,5846.11,5864.67,23.2,+0.40%,0
2024-10-17,5875.62,5876.84,5840.25,5841.47,-1.,-0.02%,0
2024-10-16,5816.58,5846.52,5808.34,5842.47,27.21,+0.47%,0
2024-10-15,5866.74,5867.48,5804.48,5815.26,-44.59,-0.76%,0
2024-10-14,5829.81,5871.41,5829.57,5859.85,44.82,+0.77%,0
2024-10-11,5775.09,5822.13,5775.09,5815.03,34.98,+0.61%,0
2024-10-10,5778.36,5795.03,5764.76,5780.05,-11.99,-0.21%,0
2024-10-09,5751.8,5796.8,5745.02,5792.04,40.91,+0.71%,0
2024-10-08,5719.14,5757.6,5714.56,5751.13,55.19,+0.97%,0
2024-10-07,5737.8,5739.34,5686.85,5695.94,-55.13,-0.96%,0
2024-10-04,5737.48,5753.21,5702.83,5751.07,51.13,+0.90%,0
2024-10-03,5698.19,5718.55,5677.37,5699.94,-9.6,-0.17%,0
2024-10-02,5698.14,5719.63,5674,5709.54,0.79,+0.01%,0
2024-10-01,5757.73,5757.73,5681.28,5708.75,-53.73,-0.93%,0
2024-09-30,5726.52,5765.14,5703.53,5762.48,24.31,+0.42%,0
2024-09-27,5755.36,5762.65,5727.34,5738.17,-7.2,-0.13%,0
2024-09-26,5762.22,5765.4,5721.01,5745.37,23.11,+0.40%,0
2024-09-25,5733.65,5741.03,5712.06,5722.26,-10.67,-0.19%,0
2024-09-24,5727.66,5735.32,5698.99,5732.93,14.36,+0.25%,0
2024-09-23,5711.9,5725.36,5704.22,5718.57,16.02,+0.28%,0
2024-09-20,5709.64,5715.14,5674.49,5702.55,-11.09,-0.19%,0
2024-09-19,5702.63,5733.57,5686.42,5713.64,95.38,+1.70%,0
2024-09-18,5641.68,5688.5,5615.08,5618.26,-16.32,-0.29%,0
2024-09-17,5655.51,5670.81,5614.05,5634.58,1.49,+0.03%,0
2024-09-16,5615.21,5636.05,5604.53,5633.09,7.07,+0.13%,0
2024-09-13,5603.34,5636.27,5602.18,5626.02,30.26,+0.54%,0
2024-09-12,5557.48,5600.71,5535.63,5595.76,41.63,+0.75%,0
2024-09-11,5496.42,5560.41,5407.09,5554.13,58.61,+1.07%,0
2024-09-10,5490.51,5497.63,5441.72,5495.52,24.47,+0.45%,0
2024-09-09,5442.07,5484.2,5434.49,5471.05,62.63,+1.16%,0
2024-09-06,5506.75,5521.56,5402.62,5408.42,-94.99,-1.73%,0
2024-09-05,5520.08,5546.3,5480.54,5503.41,-16.66,-0.30%,0
2024-09-04,5506.68,5552.6,5503.66,5520.07,-8.86,-0.16%,0
2024-09-03,5623.89,5623.89,5504.33,5528.93,-119.47,-2.12%,0
2024-08-30,5612.74,5650.17,5581.79,5648.4,56.44,+1.01%,0
2024-08-29,5607.3,5646.95,5583.71,5591.96,-0.22,0.00%,0
2024-08-28,5624.51,5627.03,5560.95,5592.18,-33.62,-0.60%,0
2024-08-27,5602.89,5631.18,5593.48,5625.8,8.96,+0.16%,0
2024-08-26,5639.66,5651.62,5602.34,5616.84,-17.77,-0.32%,0
2024-08-23,5602.49,5641.82,5585.16,5634.61,63.97,+1.15%,0
2024-08-22,5637.77,5643.22,5560.95,5570.64,-50.21,-0.89%,0
2024-08-21,5603.09,5632.68,5591.57,5620.85,23.73,+0.42%,0
2024-08-20,5602.88,5620.51,5585.5,5597.12,-11.13,-0.20%,0
2024-08-19,5557.23,5608.3,5550.74,5608.25,54,+0.97%,0
2024-08-16,5530.5,5561.98,5525.17,5554.25,11.03,+0.20%,0
2024-08-15,5501.13,5546.23,5501.13,5543.22,88.01,+1.61%,0
2024-08-14,5442.36,5463.22,5416.26,5455.21,20.78,+0.38%,0
2024-08-13,5376.98,5436.07,5376.98,5434.43,90.04,+1.68%,0
2024-08-12,5351.88,5371.2,5324.37,5344.39,0.23,0.00%,0
2024-08-09,5314.66,5358.67,5301.3,5344.16,24.85,+0.47%,0
2024-08-08,5252.57,5328.03,5233.85,5319.31,119.81,+2.30%,0
2024-08-07,5293.13,5329.82,5195.55,5199.5,-40.53,-0.77%,0
2024-08-06,5206.42,5312.34,5194.31,5240.03,53.7,+1.04%,0
2024-08-05,5121.5,5250.89,5119.26,5186.33,-160.23,-3.00%,0
2024-08-02,5367.26,5383.89,5302.49,5346.56,-100.12,-1.84%,0
2024-08-01,5537.84,5565.66,5410.42,5446.68,-75.62,-1.37%,0
2024-07-31,5505.59,5551.09,5493.75,5522.3,85.86,+1.58%,0
2024-07-30,5478.73,5488.83,5401.7,5436.44,-27.1,-0.50%,0
2024-07-29,5476.55,5487.74,5444.44,5463.54,4.44,+0.08%,0
2024-07-26,5433.67,5488.32,5430.7,5459.1,59.88,+1.11%,0
2024-07-25,5428.7,5491.59,5390.95,5399.22,-27.91,-0.51%,0
2024-07-24,5505.84,5507.69,5419.98,5427.13,-128.61,-2.31%,0
2024-07-23,5565.3,5585.34,5550.9,5555.74,-8.67,-0.16%,0
2024-07-22,5544.54,5570.36,5529.04,5564.41,59.41,+1.08%,0
2024-07-19,5543.37,5557.38,5497.04,5505,-39.59,-0.71%,0
2024-07-18,5608.56,5614.05,5522.81,5544.59,-43.68,-0.78%,0
2024-07-17,5610.07,5622.29,5584.81,5588.27,-78.93,-1.39%,0
2024-07-16,5644.09,5669.65,5639.02,5667.2,35.98,+0.64%,0
2024-07-15,5638.16,5666.94,5614.75,5631.22,15.87,+0.28%,0
2024-07-12,5590.76,5655.56,5590.55,5615.35,30.81,+0.55%,0
2024-07-11,5635.88,5642.41,5576.53,5584.54,-49.37,-0.88%,0
2024-07-10,5591.26,5635.17,5586.44,5633.91,56.93,+1.02%,0
2024-07-09,5584.24,5590.75,5574.57,5576.98,4.13,+0.07%,0
2024-07-08,5572.75,5582.69,5562.51,5572.85,5.66,+0.10%,0
2024-07-05,5537.91,5570.33,5532.84,5567.19,30.17,+0.54%,0
2024-07-03,5507.44,5539.27,5507.42,5537.02,28.01,+0.51%,0
2024-07-02,5461.84,5509.69,5458.71,5509.01,33.92,+0.62%,0
2024-07-01,5471.08,5479.55,5446.53,5475.09,14.61,+0.27%,0
2024-06-28,5488.48,5523.41,5451.12,5460.48,-22.39,-0.41%,0
2024-06-27,5473.59,5490.81,5467.54,5482.87,4.97,+0.09%,0
2024-06-26,5460.71,5483.14,5451.87,5477.9,8.6,+0.16%,0
2024-06-25,5460.73,5472.88,5446.56,5469.3,21.43,+0.39%,0
2024-06-24,5459.58,5490.66,5447.81,5447.87,-16.75,-0.31%,0
2024-06-21,5466.77,5478.31,5452.03,5464.62,-8.55,-0.16%,0
2024-06-20,5499.99,5505.53,5455.56,5473.17,-13.86,-0.25%,0
2024-06-18,5476.15,5490.38,5471.32,5487.03,13.8,+0.25%,0
2024-06-17,5431.11,5488.5,5420.4,5473.23,41.63,+0.77%,0
2024-06-14,5424.08,5432.39,5403.75,5431.6,-2.14,-0.04%,0
2024-06-13,5441.93,5441.93,5402.51,5433.74,12.71,+0.23%,0
2024-06-12,5409.13,5447.25,5409.13,5421.03,45.71,+0.85%,0
2024-06-11,5353,5375.95,5327.44,5375.32,14.53,+0.27%,0
2024-06-10,5341.22,5365.79,5331.52,5360.79,13.8,+0.26%,0
2024-06-07,5343.81,5375.08,5332.52,5346.99,-5.97,-0.11%,0
2024-06-06,5357.8,5362.06,5335.36,5352.96,-1.07,-0.02%,0
2024-06-05,5314.48,5354.16,5298.68,5354.03,62.69,+1.18%,0
2024-06-04,5278.24,5298.8,5257.63,5291.34,7.94,+0.15%,0
2024-06-03,5297.15,5302.11,5234.32,5283.4,5.89,+0.11%,0
2024-05-31,5243.21,5280.24,5191.68,5277.51,42.03,+0.80%,0
2024-05-30,5259.77,5260.21,5222.1,5235.48,-31.47,-0.60%,0
2024-05-29,5278.73,5282.27,5262.7,5266.95,-39.09,-0.74%,0
2024-05-28,5315.91,5315.91,5280.89,5306.04,1.32,+0.02%,0
2024-05-24,5281.45,5311.65,5278.39,5304.72,36.88,+0.70%,0
2024-05-23,5340.26,5341.88,5256.93,5267.84,-39.17,-0.74%,0
2024-05-22,5319.28,5323.18,5286.01,5307.01,-14.4,-0.27%,0
2024-05-21,5298.69,5324.32,5298.19,5321.41,13.28,+0.25%,0
2024-05-20,5305.35,5325.32,5302.4,5308.13,4.86,+0.09%,0
2024-05-17,5303.1,5305.45,5283.59,5303.27,6.17,+0.12%,0
2024-05-16,5310.07,5325.49,5296.19,5297.1,-11.05,-0.21%,0
2024-05-15,5263.26,5311.76,5263.26,5308.15,61.47,+1.17%,0
2024-05-14,5221.1,5250.37,5217.98,5246.68,25.26,+0.48%,0
2024-05-13,5233.08,5237.26,5211.16,5221.42,-1.26,-0.02%,0
2024-05-10,5225.49,5239.66,5209.68,5222.68,8.6,+0.16%,0
2024-05-09,5189.03,5215.3,5181.26,5214.08,26.41,+0.51%,0
2024-05-08,5168.98,5191.95,5166.21,5187.67,-0.03,0.00%,0
2024-05-07,5187.2,5200.23,5178.96,5187.7,6.96,+0.13%,0
2024-05-06,5142.42,5181,5142.42,5180.74,52.95,+1.03%,0
2024-05-03,5122.78,5135.62,5101.22,5127.79,63.59,+1.26%,0
2024-05-02,5049.32,5073.21,5011.53,5064.2,45.81,+0.91%,0
2024-05-01,5029.03,5096.12,5013.45,5018.39,-17.3,-0.34%,0
2024-04-30,5103.78,5110.83,5035.64,5035.69,-80.48,-1.57%,0
2024-04-29,5114.13,5123.19,5088.65,5116.17,16.21,+0.32%,0
2024-04-26,5084.65,5114.62,5073.28,5099.96,51.54,+1.02%,0
2024-04-25,5019.88,5057.75,4990.58,5048.42,-23.21,-0.46%,0
2024-04-24,5084.86,5089.48,5047.02,5071.63,1.08,+0.02%,0
2024-04-23,5028.85,5076.12,5027.96,5070.55,59.95,+1.20%,0
2024-04-22,4987.33,5038.84,4969.4,5010.6,43.37,+0.87%,0
2024-04-19,5005.44,5018.7,4953.56,4967.23,-43.89,-0.88%,0
2024-04-18,5031.52,5056.66,5001.89,5011.12,-11.09,-0.22%,0
2024-04-17,5068.97,5077.96,5007.25,5022.21,-29.2,-0.58%,0
2024-04-16,5064.59,5079.84,5040.39,5051.41,-10.41,-0.21%,0
2024-04-15,5149.67,5168.41,5052.47,5061.82,-61.59,-1.20%,0
2024-04-12,5171.51,5175.03,5107.94,5123.41,-75.65,-1.46%,0
2024-04-11,5172.95,5211.78,5138.77,5199.06,38.42,+0.74%,0
2024-04-10,5167.88,5178.43,5138.7,5160.64,-49.27,-0.95%,0
2024-04-09,5217.03,5224.81,5160.78,5209.91,7.52,+0.14%,0
2024-04-08,5211.37,5219.57,5197.35,5202.39,-1.95,-0.04%,0
2024-04-05,5158.95,5222.18,5157.36,5204.34,57.13,+1.11%,0
2024-04-04,5244.05,5256.59,5146.06,5147.21,-64.28,-1.23%,0
2024-04-03,5194.37,5228.75,5194.37,5211.49,5.68,+0.11%,0
2024-04-02,5204.29,5208.34,5184.05,5205.81,-37.96,-0.72%,0
2024-04-01,5257.97,5263.95,5229.2,5243.77,-10.58,-0.20%,0
2024-03-28,5248.03,5264.85,5245.82,5254.35,5.86,+0.11%,0
2024-03-27,5226.31,5249.26,5213.92,5248.49,44.91,+0.86%,0
2024-03-26,5228.85,5235.16,5203.42,5203.58,-14.61,-0.28%,0
2024-03-25,5219.52,5229.09,5216.19,5218.19,-15.99,-0.31%,0
2024-03-22,5242.48,5246.09,5229.87,5234.18,-7.35,-0.14%,0
2024-03-21,5253.43,5261.1,5240.66,5241.53,16.91,+0.32%,0
2024-03-20,5181.69,5226.19,5171.55,5224.62,46.11,+0.89%,0
2024-03-19,5139.09,5180.31,5131.59,5178.51,29.09,+0.56%,0
2024-03-18,5154.77,5175.6,5145.84,5149.42,32.33,+0.63%,0
2024-03-15,5123.31,5136.86,5104.35,5117.09,-33.39,-0.65%,0
2024-03-14,5175.14,5176.85,5123.3,5150.48,-14.83,-0.29%,0
2024-03-13,5173.49,5179.14,5151.88,5165.31,-9.96,-0.19%,0
2024-03-12,5134.3,5179.87,5115.04,5175.27,57.33,+1.12%,0
2024-03-11,5111.96,5124.66,5091.14,5117.94,-5.75,-0.11%,0
2024-03-08,5164.46,5189.05,5117.5,5123.69,-33.67,-0.65%,0
2024-03-07,5132.38,5165.62,5129.81,5157.36,52.6,+1.03%,0
2024-03-06,5108.03,5127.97,5092.22,5104.76,26.11,+0.51%,0
2024-03-05,5110.52,5114.54,5056.82,5078.65,-52.3,-1.02%,0
2024-03-04,5130.99,5149.67,5127.18,5130.95,-6.13,-0.12%,0
2024-03-01,5098.51,5140.33,5094.18,5137.08,40.81,+0.80%,0
2024-02-29,5085.36,5104.7,5061.89,5096.27,26.51,+0.52%,0
2024-02-28,5067.2,5077.37,5058.35,5069.76,-8.42,-0.17%,0
2024-02-27,5074.6,5080.69,5057.29,5078.18,8.65,+0.17%,0
2024-02-26,5093,5097.66,5069,5069.53,-19.27,-0.38%,0
2024-02-23,5100.92,5111.06,5081.46,5088.8,1.77,+0.03%,0
2024-02-22,5038.83,5094.39,5038.83,5087.03,105.23,+2.11%,0
2024-02-21,4963.03,4983.21,4946,4981.8,6.29,+0.13%,0
2024-02-20,4989.32,4993.71,4955.02,4975.51,-30.06,-0.60%,0
2024-02-16,5031.13,5038.7,4999.52,5005.57,-24.16,-0.48%,0
2024-02-15,5003.14,5032.72,4999.44,5029.73,29.11,+0.58%,0
2024-02-14,4976.44,5002.26,4956.45,5000.62,47.45,+0.96%,0
2024-02-13,4967.94,4971.3,4920.31,4953.17,-68.67,-1.37%,0
2024-02-12,5026.83,5048.39,5016.83,5021.84,-4.77,-0.09%,0
2024-02-09,5004.17,5030.06,5000.34,5026.61,28.7,+0.57%,0
2024-02-08,4995.16,5000.4,4987.09,4997.91,2.85,+0.06%,0
2024-02-07,4973.05,4999.89,4969.8,4995.06,40.83,+0.82%,0
2024-02-06,4950.16,4957.77,4935.44,4954.23,11.42,+0.23%,0